{
    "удалённый": 60.25000000000001,
    "работа": 38.6,
    "занятость": 99,
    "сотрудничество": 38.1,
    "доход": 34.05000000000004,
    "писать": 8.94999999999999,
    "лс": 5.199999999999999,
    "час": 22.049999999999994,
    "обучать": 40,
    "опыт": 18,
    "срочно": 10,
    "криптовалюта": 9,
    "официальный": 8,
    "телефон": 15,
    "ноутбук": 15,
    "человек": 26.949999999999992,
    "партнёр": 27.1,
    "сотрудник": 27,
    "казино": 99,
    "вложение": 6,
    "пассивный": 50,
    "заработок": 25.1,
    "деталь": 9,
    "прибыльный": 6,
    "проект": 6,
    "$": 50,
    "требоваться": 50,
    "место": 4,
    "ограниченный": 4,
    "дистанционный": 5,
    "формат": 5,
    "слот": 5,
    "дополнительный": 4,
    "подробность": 7.15,
    "\"+\"": 20,
    "\\”+\\”": 99,
    "+": 5.550000000000002,
    "зп": 6,
    "свободный": 10.099999999999989,
    "выиграть": 12,
    "нужный": 10.1,
    "предложение": 50,
    "доллар": 99,
    "приглашать": 99,
    "амбициозный": 30,
    "сфера": 30,
    "возраст": 10,
    "гибкий": 5.15,
    "график,": 5.15,
    "онлайн-формат,": 5.0,
    "всё": 5.15,
    "прозрачно.": 5.0,
    "если": 5.15,
    "заинтересовать": 5.0,
    "напиши!": 5.0,
    "искать": 0.5,
    "перспективный": 0.35000000000000003,
    "для": 0.35000000000000003,
    "cotpудничеctba!": 0.35000000000000003,
    "высокий": 0.35000000000000003,
    "стабильный": 0.35000000000000003,
    "150-250$": 0.35000000000000003,
    "день.": 0.7,
    "график": 0.35000000000000003,
    "2-3": 0.35000000000000003,
    "можно": 0.35000000000000003,
    "лет.": 0.35000000000000003,
    "л.с": 0.35000000000000003,
    "реклама": 0.2,
    "удалёнка": 0.2,
    "10000000000$€": 0.2,
    "секунда": 0.2,
    "год": 0.2,
    "законно": 0.2,
    "чесслово": 0.2,
    "привет!": 0.2,
    "людей,": 0.2,
    "который": 0.2,
    "хотеть": 0.2,
    "зарабатывать": 0.2,
    "дополнительно": 0.2,
    "время.": 0.2,
    "мочь": 0.2,
    "предоставить": 0.2,
    "личный": 0.2,
    "сообщениях.": 0.2,
    "пишите,": 0.2,
    "интересно!": 0.2
}