{
    "удалённый": 59.00000000000005,
    "работа": 27.300000000000235,
    "занятость": 99,
    "сотрудничество": 39.30000000000005,
    "доход": 35.100000000000094,
    "писать": 7.499999999999977,
    "лс": 1.2500000000000078,
    "час": 23.049999999999965,
    "обучать": 39.650000000000006,
    "опыт": 17.95,
    "срочно": 10.249999999999996,
    "криптовалюта": 9,
    "официальный": 8,
    "телефон": 15.099999999999998,
    "ноутбук": 15,
    "человек": 23.54999999999996,
    "партнёр": 27.1,
    "сотрудник": 27,
    "казино": 99.20000000000003,
    "вложение": 6,
    "пассивный": 50,
    "заработок": 25.199999999999985,
    "деталь": 9,
    "прибыльный": 6,
    "проект": 5.95,
    "$": 49.95,
    "требоваться": 49.80000000000001,
    "место": 3.95,
    "ограниченный": 4,
    "дистанционный": 5,
    "формат": 4.95,
    "слот": 5.750000000000002,
    "дополнительный": 3.95,
    "подробность": 6.650000000000005,
    "\"+\"": 19.799999999999994,
    "\\”+\\”": 99,
    "+": 3.750000000000008,
    "зп": 5.800000000000001,
    "свободный": 11.349999999999975,
    "выиграть": 12,
    "нужный": 10.149999999999997,
    "предложение": 49.95,
    "доллар": 99.15,
    "приглашать": 99,
    "амбициозный": 30,
    "сфера": 30,
    "возраст": 10.149999999999999,
    "гибкий": 5.15,
    "график,": 5.15,
    "онлайн-формат,": 5.0,
    "всё": 4.400000000000001,
    "прозрачно.": 5.0,
    "если": 4.350000000000002,
    "заинтересовать": 5.0,
    "напиши!": 5.0,
    "искать": 0.4,
    "перспективный": 0.25000000000000006,
    "для": 0,
    "cotpудничеctba!": 0.25000000000000006,
    "высокий": 0.40000000000000013,
    "стабильный": 0.25000000000000006,
    "150-250$": 0.25000000000000006,
    "день.": 0.6999999999999995,
    "график": 0.25000000000000006,
    "2-3": 0.10000000000000007,
    "можно": 0,
    "лет.": 0.25000000000000006,
    "л.с": 0.25000000000000006,
    "реклама": 0,
    "удалёнка": 0.25000000000000006,
    "10000000000$€": 0.2,
    "секунда": 0.2,
    "год": 0.2,
    "законно": 0.2,
    "чесслово": 0.2,
    "привет!": 0.10000000000000002,
    "людей,": 0.2,
    "который": 0,
    "хотеть": 0.5499999999999998,
    "зарабатывать": 0.2,
    "дополнительно": 0.2,
    "время.": 0.2,
    "мочь": 0,
    "предоставить": 0.2,
    "личный": 0,
    "сообщениях.": 0.15000000000000002,
    "пишите,": 0.2,
    "интересно!": 0.2,
    "приветствую.": 1.2499999999999998,
    "предлгай": 1.2499999999999998,
    "онлайн.": 1.2499999999999998,
    "2000$": 1.2499999999999998,
    "неделю.": 1.2499999999999998,
    "достаточно": 1.2499999999999998,
    "телефона/пк,": 1.2499999999999998,
    "время": 1.3499999999999999,
    "день,": 1.15,
    "весь": 1.15,
    "вопрос": 1.4999999999999996,
    "подработка": 0,
    "два": 1.3877787807814457e-17,
    "день": 5.4,
    "000р": 0.2500000000000001,
    "кормане": 1.3877787807814457e-17,
    "помочь": 0.15000000000000002,
    "каждый": 5.0,
    "привет,": 0,
    "члена.": 0.2,
    "или": 0.05000000000000002,
    "компьютер": 0.2,
    "пойдет.": 0.2,
    "12000": 0.2,
    "оргазм": 0.2,
    "очный": 0.2,
    "сфера,": 0.2,
    "оплата": 0.6,
    "труда,": 0.2,
    "график.": 0.2,
    "большой": 0.2,
    "информация": 0.2,
    "предложить": 0.4,
    "работу.": 0.4,
    "хороший": 0.4,
    "заработками.": 0.4,
    "появиться": 0.4,
    "связи.": 0.4,
    "ведь": 0.4,
    "12к": 0.4,
    "дать": 0,
    "подробный": 0,
    "хулить": 0.2,
    "это": 0,
    "вроде": 0.15000000000000002,
    "про": 0.2,
    "запрещённка": 0.2,
    "работать": 0.30000000000000004,
    "заработать": 1.3877787807814457e-17,
    "деньга": 0.15000000000000002,
    "любить": 4.8500000000000005,
    "чтобы": 0,
    "ебаться": 0.2,
    "как": 0,
    "проститутка": 0.2,
    "сегодня": 0.2,
    "выйти": 0.15000000000000002,
    "10000": 0.2,
    "простой": 0.2,
    "действие": 0.2,
    "только": 0,
    "тут": 0.15000000000000002,
    "рассказать.": 0.15000000000000002,
    "написать": 0.15000000000000002,
    "нет": 0.15000000000000002,
    "объяснять": 0.15000000000000002,
    "рассказать": 5.551115123125783e-17,
    "схема": 0.15000000000000002,
    "ждать": 0.10000000000000002,
    "черкануть": 0.2,
    "3000": 0.2,
    "кредит": 16.799999999999983,
    "халтурка": 11.499999999999986,
    "халтуркахалтурка": 2.3000000000000003,
    "ребята": 0.2,
    "халтурки.": 0.2,
    "8700": 0.2,
    "три": 0.2,
    "взять": 0.35000000000000003,
    "нормальный": 0.2,
    "они": 0.2,
    "очень": 0.2,
    "глупый": 0.2,
    "судить": 0.2,
    "точка": 0.2,
    "зрение": 0.2,
    "здоровый": 0.2,
    "деятельность": 0.2,
    "1-3": 0.35000000000000003,
    "человека.": 0.2,
    "1150": 0.2,
    "неделя": 0.2,
    "телефона,": 0.2,
    "27+": 0.2,
    "!!!": 0.2,
    "лс!": 0.2,
    "иметься": 0.15000000000000002,
    "вакансия": 0.15000000000000002,
    "200к": 0.15000000000000002,
    "месяц": 0.15000000000000002,
    "возможно": 0.15000000000000002,
    "твой": 0.15000000000000002,
    "шанс": 0.15000000000000002,
    "предлагать": 0.2,
    "зарплата": 0.15000000000000002,
    "100": 0.2,
    "играть": 4.9,
    "дот": 4.950000000000001,
    "когда": 4.65,
    "волосатый": 4.65,
    "мужик": 4.65,
    "обмазываться": 4.65,
    "масло": 4.65,
    "онлайн": 0.2
}